Workbook

Sheet 使用说明
B1: 古代文学考研 AI 助手 · 40 题垂类评测集
B2: 目的：4 周内产出一份可写进简历、经得起面试追问的量化证据。
B4: 一、为什么是 40 题
B5: 不要做 100 题 | C5: 40 题已经足够得出统计结论（每种题型至少有 5–15 个样本），而 100 题会让你在三周后还在打第 60 道分——那时招聘窗口已经关了。宁可 40 题做完并写进简历，不要 100 题烂尾。
B6: 二、7 天执行节奏（每天 3–4 小时）
B7: Day 1–2｜确认题目 | C7: 打开「题目与考点」表，把你觉得不适合自己知识库的题目替换掉（保持每种题型数量不变）。务必先自己心里答一遍，确认参考答案框架正确。
B8: Day 3–4｜跑两组回答 | C8: 对每道题用同一个提示词分别问：裸模型（不带你的知识库）和你的 Agent。共 80 次调用。把 80 段回答分别存成独立文本文件（01-A.txt / 01-B.txt …）。
B9: Day 5｜盲评准备（关键） | C9: 把 A/B 文件名打乱，自己不要记住哪份是谁的。这一步决定你的数据可不可信——面试官一定会问「你是不是美化了自己的产品」。
B10: Day 6–7｜打分与看结论 | C10: 按「评分口径」的 6 个维度打 0–3 分，填进「评分记录」表；「汇总对比」会自动算出两组差异和提升幅度。
B11: 三、你要拿到的 3 个数字（简历上就写这三个）
B12: ① 平均总分提升 | C12: 汇总表自动计算：我的 Agent 相对裸模型提升 __%（相对提升）。
B13: ② 幻觉率下降 | C13: 带有编造出处 / 张冠李戴 / 时代错乱的回答占比，从 __% 降到 __%。这是古文场景最有说服力的数字。
B14: ③ 考点覆盖率 | C14: 「考点覆盖」维度的平均分提升，代表回答是否踩到采分点。
B15: 四、盲评纪律（照做，别偷懒）
B16: • 隐去来源 | C16: 打分时只看回答内容，不看是哪个模型答的。
B17: • 总分相同就判给裸模型 | C17: 遇到难以判断优劣的题，一律判给对方，这样结论最保守、最可信。
B18: • 全部留痕 | C18: 保留 80 份原始回答和打分表。面试时被追问「第三题为什么给 1 分」，你要能立刻翻出来。
B19: • 不美化 | C19: 如果某几道题你的 Agent 输了，把 badcase 归因写进复盘——这比全赢更让人信服，也正好是面试官最想听的迭代能力。
B20: 五、产出物（第 3 周完成）
B21: 1. GitHub 仓库 | C21: Dify DSL 导出文件 + 评测集（本表）+ 80 份原始回答 + 打分表 + README。
B22: 2. 一篇复盘长文 | C22: 标题建议：《我给古代文学考研做了一套 40 题评测集，发现通用大模型在古文上最大的问题是编出处》。发在知乎 / 小红书 / 掘金 / 公众号任一平台。
B23: 3. 3 分钟演示视频 | C23: 屏幕录制：提问 → Agent 引用原文 → 追问引导 → 对比裸模型的错误回答。
B24: 4. 简历条目 | C24: 直接套用下方模板。
B25: 六、简历条目模板（把 __ 换成你的数字）
B26: 项目经历写法 | C26: 古代文学考研 AI 学习助手（独立负责，20__.__–至今）：构建 40 题垂类能力评测集（名词解释 15 / 简答 10 / 论述 10 / 翻译鉴赏 5），含 6 维度评分口径与 7 类幻觉判定标准；采用盲评法对比通用大模型与自建 RAG Agent，平均得分由 __ 分提升至 __ 分（+__%），幻觉引用率由 __% 降至 __%，论述题采分点覆盖率提升 __%。
B27: 七、面试必被追问的 3 个问题（现在就准备答案）
B28: 「评分标准是不是你自己定的？」 | C28: 答：是我定的，但我做了三件事保证可信——盲评、同分判给对方、保留全部原始数据。口径写在表里，你可以现场挑一道题重新评分验证。
B29: 「40 题样本够吗？」 | C29: 答：不够做学术研究，但足够定位系统性问题。我发现幻觉集中出现在三个场景：冷门作品的成书年代、词派归属、以及引文原文，这已经能指导迭代。
B30: 「你的 Agent 赢在哪？」 | C30: 答：赢在引用可控和追问引导，不赢在知识量。通用模型的知识量更大，但在必须给出处、不能编的题型上不可靠。

Sheet 题目与考点
A1: 题号 | B1: 题型 | C1: 题目 | D1: 建议满分 | E1: 应命中考点（核心采分点） | F1: 参考答题框架 | G1: 常见幻觉 / 失分风险
A2: 1 | B2: 名词解释 | C2: 风雅颂 | D2: 5 | E2: ①《诗经》按音乐性质划分的三类 ②风=十五国风，多为民间歌谣 ③雅=正声，分大雅、小雅，多为贵族宫廷乐歌 ④颂=宗庙祭祀乐歌，含周颂、鲁颂、商颂 ⑤意义：构成《诗经》内容分类基础，反映不同阶层与用途 | F2: 出处定性 → 三类分述（含数量与性质）→ 一句话文学史意义 | G2: 把「雅」说成民歌；把颂的数量说错；只答三类名称不解释
A3: 2 | B3: 名词解释 | C3: 赋比兴 | D3: 5 | E3: ①《诗经》三种表现手法，与风雅颂合称「六义」 ②赋=铺陈直叙 ③比=比喻、比拟 ④兴=起兴，先言他物以引出所咏之辞 ⑤影响：奠定中国诗歌比兴传统，为后世诗论核心范畴 | F3: 定性 → 三者分述 → 对后世诗歌的影响 | G3: 把「兴」解释成「联想」；把赋比兴说成内容分类（与风雅颂混淆）
A4: 3 | B4: 名词解释 | C4: 春秋笔法 | D4: 5 | E4: ①出自鲁国编年史《春秋》 ②一字寓褒贬，微言大义 ③记事简练谨严，用词有严格等级与褒贬规则 ④体现儒家正名思想 ⑤影响后世史传文学与叙事传统、史论笔法 | F4: 出处 → 核心特征（一字褒贬）→ 表现方式 → 影响 | G4: 编造具体字例（如说「某字代表某义」却无出处）；把《春秋》与《左传》混为一谈
A5: 4 | B5: 名词解释 | C5: 楚辞 | D5: 5 | E5: ①战国后期在楚地形成的诗歌体裁 ②以屈原为代表，另有宋玉等 ③句式参差、多用「兮」字，带楚地方言色彩 ④多神话想象与浪漫气息 ⑤西汉刘向辑集成书；开创中国文学浪漫主义传统 | F5: 时间地域 → 代表作家 → 形式特征 → 风格 → 文学史地位 | G5: 说屈原是《楚辞》编者（实为刘向辑集）；把楚辞与汉赋混同
A6: 5 | B6: 名词解释 | C6: 建安风骨 | D6: 5 | E6: ①汉末建安时期形成 ②代表作家：三曹、七子、蔡琰 ③内容多反映社会动乱与民生疾苦，兼写建功立业之志 ④风格慷慨悲凉、刚健遒劲 ⑤后世「风骨」论的重要源头，为陈子昂、李白所推重 | F6: 时代 → 代表 → 内容 → 风格特征 → 后世影响 | G6: 把「风骨」解释成纯形式技巧；把建安与正始文学（阮籍嵇康）混同
A7: 6 | B7: 名词解释 | C7: 永明体 | D7: 5 | E7: ①南朝齐永明年间兴起的新体诗 ②代表：沈约、谢朓、王融、周颙 ③讲求四声八病，追求声律和谐 ④讲究对偶工整、辞采清丽 ⑤是近体格律诗形成的开端 | F7: 时间 → 代表 → 声律主张 → 形式追求 → 文学史意义 | G7: 把「八病」内容编错；说永明体就是格律诗（实为开端而非定型）
A8: 7 | B8: 名词解释 | C8: 志人小说（《世说新语》） | D8: 5 | E8: ①魏晋南北朝时期记录名士言行轶事的小说类型 ②代表为刘义庆《世说新语》 ③分门别类（德行、言语、任诞等）辑录 ④语言简约隽永，善以片言只语传神 ⑤影响后世笔记小说、人物品评与士人精神书写 | F8: 类型定性 → 代表作 → 编排体例 → 语言特点 → 影响 | G8: 把《世说新语》归入志怪小说；说作者是刘向
A9: 8 | B9: 名词解释 | C9: 初唐四杰 | D9: 5 | E9: ①王勃、杨炯、卢照邻、骆宾王 ②反对上官体的绮靡诗风 ③题材由宫廷转向市井、边塞与人生感慨 ④在五言律诗、五言绝句定型上有贡献 ⑤为盛唐诗歌的繁荣开辟道路 | F9: 四人姓名 → 针对的反对对象 → 题材拓展 → 形式贡献 → 文学史作用 | G9: 漏写或错写人名；把四杰说成盛唐诗人
A10: 9 | B10: 名词解释 | C10: 盛唐边塞诗派 | D10: 5 | E10: ①盛唐时期重要诗派 ②代表：高适、岑参、王昌龄、王之涣、李颀 ③题材：边塞风光、征战苦乐、将士思乡与报国情怀 ④风格雄浑悲壮、气象开阔 ⑤反映盛唐气象与民族交往，与山水田园诗派并称 | F10: 时代 → 代表 → 题材内容 → 风格 → 与山水田园诗派的关系 | G10: 把王维归为边塞派代表（王维属山水田园，虽有边塞之作）；把高适岑参风格差异说反
A11: 10 | B11: 名词解释 | C11: 韩孟诗派 | D11: 5 | E11: ①中唐以韩愈、孟郊为代表的诗派，另有贾岛、李贺、卢仝等 ②主张「不平则鸣」，重主观抒情 ③崇尚奇险怪诞，务去陈言，造句求新求怪 ④以文为诗、以议论为诗 ⑤与元白诗派并立，影响晚唐与宋诗 | F11: 时代 → 代表 → 理论主张 → 艺术追求 → 与元白诗派对照 | G11: 把孟郊与孟浩然混为一谈；把「不平则鸣」用于白居易
A12: 11 | B12: 名词解释 | C12: 花间词派 | D12: 5 | E12: ①晚唐五代出现的早期文人词派 ②因赵崇祚编《花间集》得名 ③代表：温庭筠、韦庄、皇甫松 ④题材多闺情离愁、宴饮风月 ⑤风格绮丽柔靡，确立词的婉约基调 | F12: 时代 → 得名由来 → 代表 → 题材 → 风格与词史地位 | G12: 说《花间集》为温庭筠所编；把李煜归入花间派
A13: 12 | B13: 名词解释 | C13: 西昆体 | D13: 5 | E13: ①北宋初年诗体，因《西昆酬唱集》得名 ②代表：杨亿、刘筠、钱惟演 ③宗法李商隐，辞藻华美、多用典故、对仗精工 ④内容较空泛，多为应酬唱和 ⑤遭欧阳修、梅尧臣等诗文革新派批评 | F13: 时代 → 得名 → 代表 → 艺术取向 → 后世评价 | G13: 说西昆体宗法杜甫；把西昆体与江西诗派混同
... A41: 40 | B41: 翻译鉴赏 | C41: 赏析苏轼《念奴娇·赤壁怀古》 | D41: 15 | E41: ①上片写景：大江东去、乱石穿空、惊涛拍岸，气势雄浑，境界阔大 ②「江山如画，一时多少豪杰」承上启下 ③下片怀古：以「小乔初嫁」烘托周瑜的风流儒雅、少年得志 ④自我对照：「多情应笑我，早生华发」，豪放中见失意 ⑤结句「人生如梦，一尊还酹江月」含旷达与无奈双重意味 ⑥豪放词代表作，「以诗为词」的典型，开拓词的题材与气象 | F41: 上下片分层串讲 → 人物形象与自我对照 → 结句双重意蕴 → 词史地位 | G41: 把「羽扇纶巾」的对象说成诸葛亮（此处指周瑜）；把结句只解为消极颓废

Sheet 评分口径
B1: 评分口径（6 维度 × 0–3 分制，总分 = 得分/18×100）
B3: 维度 | C3: 定义（看什么） | D3: 3 分 | E3: 2 分 | F3: 1 分 | G3: 0 分
B4: ① 考点覆盖 | C4: 是否命中「应命中考点」列的核心采分点 | D4: 全部核心考点命中 | E4: 命中大部分，遗漏非关键点 | F4: 遗漏 1–2 个关键考点 | G4: 答非所问或几乎未命中
B5: ② 知识准确性 | C5: 年代、作者、作品、流派归属等事实是否有硬伤 | D5: 无任何事实错误 | E5: 有细微瑕疵不影响判断 | F5: 有 1 处明显硬伤 | G5: 多处硬伤，结论不可用
B6: ③ 出处引用准确 | C6: 所引原文、篇名、作者、书名是否真实可核 | D6: 引用均可核且标注完整 | E6: 引用正确但标注不全 | F6: 引用含糊、无法核实 | G6: 编造出处/篇名/文献
B7: ④ 结构层次 | C7: 是否符合题型要求的答题结构 | D7: 结构完整，层次分明 | E7: 结构基本清晰 | F7: 结构松散或部分混乱 | G7: 无结构，堆砌内容
B8: ⑤ 语体规范 | C8: 学术书面语、术语使用、无口语化与空话 | D8: 术语得当，表述专业 | E8: 偶有口语化 | F8: 大量套话或口语 | G8: 完全不符学术语体
B9: ⑥ 题型合规 | C9: 名词解释要简练有要素；简答要分条；论述要有论点论据；翻译要逐句落实 | D9: 完全符合题型要求 | E9: 基本符合，略有偏差 | F9: 明显偏离题型要求 | G9: 完全不是该题型的答法
B11: 按题型的评分重点（同分时的取舍依据）
B12: 题型 | C12: 优先看哪些维度 | D12: 同分取舍规则 | E12: 失分最重的情况
B13: 名词解释 | C13: ①②③ | D13: 要素齐全者优先于字数多者 | E13: 缺「文学史影响」或编造出处
B14: 简答 | C14: ①④ | D14: 分条清晰、要点准确者优先 | E14: 要点遗漏或未分条
B15: 论述 | C15: ①④⑤ | D15: 有中心论点并分层论证者优先 | E15: 只罗列不论证
B16: 翻译鉴赏 | C16: ①②③ | D16: 释词准确、指出比兴典故者优先 | E16: 释词错误或典故编造
B18: 幻觉类型（填在「评分记录」的「幻觉类型」列，可多选拼接）
B19: 1. 无
B20: 2. 编造原文或篇名
B21: 3. 张冠李戴（作者/作品错配）
B22: 4. 时代错乱（年代/朝代错误）
B23: 5. 虚构情节或人物
B24: 6. 杜撰文献或研究者
B25: 7. 过度臆断（无据的评价）
B27: 评分流程（6 步）
B28: 1. 用同一个提示词，对每道题分别调用「裸模型」和「你的 Agent」，共 80 次，各自存成独立文本文件。
B29: 2. 打乱文件名、隐去来源，做盲评（这一步决定数据可不可信，面试官必问）。
B30: 3. 按上面 6 个维度打 0–3 分，填进「评分记录」。
... B33: 6. 挑差异最大的 5 道题做 badcase 归因，写进复盘长文（这比全赢更可信）。

Sheet 评分记录
A1: 题号 | B1: 题型 | C1: 被测对象 | D1: 评分员 | E1: 评分日期 | F1: ①考点覆盖 | G1: ②知识准确性 | H1: ③出处引用 | I1: ④结构层次 | J1: ⑤语体规范 | K1: ⑥题型合规 | L1: 总分(百分制) | M1: 幻觉次数 | N1: 幻觉类型 | O1: 结论 / 备注
A2: 1 | B2: 名词解释 | C2: 裸模型 | L2: =IF(COUNT(F2:K2)=0,"",ROUND(SUM(F2:K2)/18*100,1))
A3: 2 | B3: 名词解释 | C3: 裸模型 | L3: =IF(COUNT(F3:K3)=0,"",ROUND(SUM(F3:K3)/18*100,1))
A4: 3 | B4: 名词解释 | C4: 裸模型 | L4: =IF(COUNT(F4:K4)=0,"",ROUND(SUM(F4:K4)/18*100,1))
A5: 4 | B5: 名词解释 | C5: 裸模型 | L5: =IF(COUNT(F5:K5)=0,"",ROUND(SUM(F5:K5)/18*100,1))
A6: 5 | B6: 名词解释 | C6: 裸模型 | L6: =IF(COUNT(F6:K6)=0,"",ROUND(SUM(F6:K6)/18*100,1))
A7: 6 | B7: 名词解释 | C7: 裸模型 | L7: =IF(COUNT(F7:K7)=0,"",ROUND(SUM(F7:K7)/18*100,1))
A8: 7 | B8: 名词解释 | C8: 裸模型 | L8: =IF(COUNT(F8:K8)=0,"",ROUND(SUM(F8:K8)/18*100,1))
A9: 8 | B9: 名词解释 | C9: 裸模型 | L9: =IF(COUNT(F9:K9)=0,"",ROUND(SUM(F9:K9)/18*100,1))
A10: 9 | B10: 名词解释 | C10: 裸模型 | L10: =IF(COUNT(F10:K10)=0,"",ROUND(SUM(F10:K10)/18*100,1))
A11: 10 | B11: 名词解释 | C11: 裸模型 | L11: =IF(COUNT(F11:K11)=0,"",ROUND(SUM(F11:K11)/18*100,1))
A12: 11 | B12: 名词解释 | C12: 裸模型 | L12: =IF(COUNT(F12:K12)=0,"",ROUND(SUM(F12:K12)/18*100,1))
A13: 12 | B13: 名词解释 | C13: 裸模型 | L13: =IF(COUNT(F13:K13)=0,"",ROUND(SUM(F13:K13)/18*100,1))
... A81: 40 | B81: 翻译鉴赏 | C81: 我的Agent | L81: =IF(COUNT(F81:K81)=0,"",ROUND(SUM(F81:K81)/18*100,1))

Sheet 汇总对比
B1: 汇总对比（自动计算，填完「评分记录」即出结果）
B3: 指标 | C3: 裸模型 | D3: 我的Agent | E3: 相对变化 | F3: 备注 / 面试可用话术
B4: 平均总分（百分制） | C4: =IFERROR(ROUND(AVERAGEIFS(评分记录!$L$2:$L$81,评分记录!$C$2:$C$81,C$3),1),"待评分") | D4: =IFERROR(ROUND(AVERAGEIFS(评分记录!$L$2:$L$81,评分记录!$C$2:$C$81,D$3),1),"待评分") | E4: =IFERROR(IF(OR(C4="待评分",D4="待评分"),"待评分",(D4-C4)/C4),"待评分") | F4: 核心数字：简历第一行就写它
B5: ① 考点覆盖 | C5: =IFERROR(ROUND(AVERAGEIFS(评分记录!$F$2:$F$81,评分记录!$C$2:$C$81,C$3),1),"待评分") | D5: =IFERROR(ROUND(AVERAGEIFS(评分记录!$F$2:$F$81,评分记录!$C$2:$C$81,D$3),1),"待评分") | E5: =IFERROR(IF(OR(C5="待评分",D5="待评分"),"待评分",(D5-C5)/C5),"待评分") | F5: 采分点命中率，论述题最能体现差距
B6: ② 知识准确性 | C6: =IFERROR(ROUND(AVERAGEIFS(评分记录!$G$2:$G$81,评分记录!$C$2:$C$81,C$3),1),"待评分") | D6: =IFERROR(ROUND(AVERAGEIFS(评分记录!$G$2:$G$81,评分记录!$C$2:$C$81,D$3),1),"待评分") | E6: =IFERROR(IF(OR(C6="待评分",D6="待评分"),"待评分",(D6-C6)/C6),"待评分") | F6: 硬伤数量，说明你的知识库有效约束了模型
B7: ③ 出处引用 | C7: =IFERROR(ROUND(AVERAGEIFS(评分记录!$H$2:$H$81,评分记录!$C$2:$C$81,C$3),1),"待评分") | D7: =IFERROR(ROUND(AVERAGEIFS(评分记录!$H$2:$H$81,评分记录!$C$2:$C$81,D$3),1),"待评分") | E7: =IFERROR(IF(OR(C7="待评分",D7="待评分"),"待评分",(D7-C7)/C7),"待评分") | F7: 古文场景最关键的维度
B8: ④ 结构层次 | C8: =IFERROR(ROUND(AVERAGEIFS(评分记录!$I$2:$I$81,评分记录!$C$2:$C$81,C$3),1),"待评分") | D8: =IFERROR(ROUND(AVERAGEIFS(评分记录!$I$2:$I$81,评分记录!$C$2:$C$81,D$3),1),"待评分") | E8: =IFERROR(IF(OR(C8="待评分",D8="待评分"),"待评分",(D8-C8)/C8),"待评分") | F8: 体现你的题型模板设计
B9: ⑤ 语体规范 | C9: =IFERROR(ROUND(AVERAGEIFS(评分记录!$J$2:$J$81,评分记录!$C$2:$C$81,C$3),1),"待评分") | D9: =IFERROR(ROUND(AVERAGEIFS(评分记录!$J$2:$J$81,评分记录!$C$2:$C$81,D$3),1),"待评分") | E9: =IFERROR(IF(OR(C9="待评分",D9="待评分"),"待评分",(D9-C9)/C9),"待评分") | F9: 体现你的提示词语体约束
B10: ⑥ 题型合规 | C10: =IFERROR(ROUND(AVERAGEIFS(评分记录!$K$2:$K$81,评分记录!$C$2:$C$81,C$3),1),"待评分") | D10: =IFERROR(ROUND(AVERAGEIFS(评分记录!$K$2:$K$81,评分记录!$C$2:$C$81,D$3),1),"待评分") | E10: =IFERROR(IF(OR(C10="待评分",D10="待评分"),"待评分",(D10-C10)/C10),"待评分") | F10: 体现你的场景理解
B12: 幻觉回答条数 | C12: =COUNTIFS(评分记录!$C$2:$C$81,C$3,评分记录!$M$2:$M$81,">0") | D12: =COUNTIFS(评分记录!$C$2:$C$81,D$3,评分记录!$M$2:$M$81,">0") | F12: 含至少 1 次幻觉的回答数量
B13: 有效评分条数 | C13: =COUNTIFS(评分记录!$C$2:$C$81,C$3,评分记录!$F$2:$F$81,"<>") | D13: =COUNTIFS(评分记录!$C$2:$C$81,D$3,评分记录!$F$2:$F$81,"<>")
B14: 幻觉率 | C14: =IFERROR(C12/C13,"待评分") | D14: =IFERROR(D12/D13,"待评分") | E14: =IFERROR(IF(OR(C14="待评分",D14="待评分"),"待评分",(D14-C14)/C14),"待评分") | F14: 简历第二个数字：幻觉率下降幅度
B16: 结论区（手动填写，写进复盘长文和简历）
B17: 1. 我的 Agent 相对裸模型，平均总分提升 ____%（相对提升），绝对差 ____ 分。
B18: 2. 幻觉率由 ____% 降至 ____%，主要改善的幻觉类型是：____________________。
B19: 3. 差异最大的 3 道题及 badcase 归因：____________________________________。
B20: 4. 我的 Agent 输掉的题目及原因（必须写，能体现复盘能力）：________________。
B21: 5. 下一步迭代计划（1–2 条）：____________________________________________。
